,id,terrestrial_date,sol,ls,month,min_temp,pressure
0,2,,10,155,6,-75.0,739.0
1,13,,11,156,6,-76.0,740.0
2,24,,12,156,6,-76.0,741.0
3,35,,13,157,6,-74.0,732.0
4,46,,14,157,6,-74.0,740.0
5,57,,15,158,6,-78.0,740.0
6,68,,16,158,6,-77.0,740.0
7,79,,17,159,6,-76.0,742.0
8,112,,21,161,6,-74.0,741.0
9,114,,22,162,6,-74.0,742.0
10,123,,23,162,6,-75.0,741.0
11,134,,24,163,6,-75.0,742.0
12,145,,25,163,6,-75.0,743.0
13,156,,26,164,6,-76.0,745.0
14,163,,27,164,6,-75.0,743.0
15,170,,28,165,6,-75.0,745.0
16,171,,29,166,6,-75.0,747.0
17,172,,30,166,6,-74.0,747.0
18,173,,31,167,6,-74.0,745.0
19,175,,33,168,6,-73.0,748.0
20,176,,34,168,6,-73.0,748.0
21,177,,35,169,6,-73.0,749.0
22,178,,36,169,6,-73.0,750.0
23,179,,37,170,6,-73.0,750.0
24,180,,38,171,6,-73.0,750.0
25,181,,39,171,6,-75.0,751.0
26,182,,40,172,6,-75.0,753.0
27,183,,41,172,6,-75.0,753.0
28,184,,42,173,6,-75.0,754.0
29,185,,43,173,6,-74.0,756.0
30,186,,44,174,6,-75.0,757.0
31,187,,45,175,6,-74.0,758.0
32,188,,46,175,6,-74.0,758.0
33,189,,47,176,6,-75.0,758.0
34,190,,48,176,6,-75.0,759.0
35,191,,49,177,6,-74.0,761.0
36,192,,50,177,6,-72.0,761.0
37,193,,51,178,6,-76.0,762.0
38,194,,52,179,6,-74.0,762.0
39,195,,53,179,6,-71.0,764.0
40,196,,54,180,7,-72.0,766.0
41,197,,55,180,7,-74.0,766.0
42,198,,56,181,7,-73.0,768.0
43,199,,57,181,7,-73.0,769.0
44,200,,58,182,7,-74.0,769.0
45,201,,59,183,7,-76.0,771.0
46,202,,60,183,7,-75.0,772.0
47,203,,61,184,7,-72.0,772.0
48,204,,62,184,7,-72.0,774.0
49,205,,63,185,7,-73.0,775.0
50,206,,64,186,7,-74.0,776.0
51,207,,65,186,7,-72.0,777.0
52,208,,66,187,7,-73.0,778.0
53,209,,67,187,7,-73.0,780.0
54,210,,68,188,7,-71.0,781.0
55,211,,69,189,7,-73.0,778.0
56,212,,70,189,7,-72.0,783.0
57,213,,71,190,7,-71.0,784.0
58,214,,72,190,7,-73.0,785.0
59,215,,73,191,7,-70.0,788.0
60,216,,74,192,7,-72.0,790.0
61,217,,75,192,7,-73.0,791.0
62,218,,76,193,7,-73.0,792.0
63,219,,77,193,7,-71.0,792.0
64,220,,78,194,7,-71.0,793.0
65,221,,79,195,7,-73.0,795.0
66,222,,80,195,7,-70.0,796.0
67,223,,81,196,7,-72.0,798.0
68,224,,82,196,7,-72.0,799.0
69,225,,83,197,7,-72.0,801.0
70,226,,84,198,7,-70.0,801.0
71,227,,85,198,7,-71.0,805.0
72,228,,86,199,7,-71.0,808.0
73,229,,87,199,7,-70.0,808.0
74,230,,88,200,7,-70.0,811.0
75,231,,89,201,7,-73.0,813.0
76,233,,90,201,7,-71.0,813.0
77,234,,91,202,7,-74.0,817.0
78,235,,92,202,7,-74.0,820.0
79,236,,93,203,7,-72.0,819.0
80,237,,94,204,7,-70.0,822.0
81,238,,95,204,7,-68.0,822.0
82,239,,96,205,7,-71.0,826.0
83,240,,97,206,7,-68.0,828.0
84,241,,98,206,7,-68.0,828.0
85,242,,99,207,7,-68.0,829.0
86,3,,100,207,7,-66.0,829.0
87,4,,101,208,7,-65.0,830.0
88,5,,102,209,7,-67.0,833.0
89,6,,103,209,7,-66.0,836.0
90,7,,104,210,8,-67.0,838.0
91,8,,105,211,8,-66.0,839.0
92,9,,106,211,8,-66.0,841.0
93,10,,107,212,8,-66.0,844.0
94,11,,108,212,8,-65.0,845.0
95,12,,109,213,8,-64.0,844.0
96,14,,110,214,8,-65.0,848.0
97,15,,111,214,8,-66.0,849.0
98,16,,112,215,8,-65.0,852.0
99,17,,113,216,8,-66.0,857.0
100,18,,114,216,8,-69.0,857.0
101,19,,115,217,8,-66.0,857.0
102,20,,116,217,8,-67.0,859.0
103,21,,117,218,8,-66.0,861.0
104,22,,118,219,8,-65.0,864.0
105,23,,119,219,8,-66.0,866.0
106,25,,120,220,8,-67.0,867.0
107,26,,121,221,8,-66.0,869.0
108,27,,122,221,8,-65.0,869.0
109,28,,123,222,8,-66.0,875.0
110,29,,124,223,8,-66.0,876.0
111,30,,125,223,8,-68.0,880.0
112,31,,126,224,8,-66.0,880.0
113,32,,127,224,8,-67.0,884.0
114,33,,128,225,8,-67.0,883.0
115,34,,129,226,8,-65.0,886.0
116,36,,130,226,8,-65.0,888.0
117,37,,131,227,8,-65.0,889.0
118,38,,132,228,8,-65.0,890.0
119,39,,133,228,8,-65.0,891.0
120,40,,134,229,8,-67.0,893.0
121,41,,135,230,8,-65.0,894.0
122,42,,136,230,8,-65.0,897.0
123,43,,137,231,8,-64.0,896.0
124,44,,138,232,8,-65.0,899.0
125,45,,139,232,8,-66.0,899.0
126,47,,140,233,8,-66.0,903.0
127,48,,141,233,8,-64.0,904.0
128,49,,142,234,8,-65.0,906.0
129,50,,143,235,8,-63.0,908.0
130,51,,144,235,8,-64.0,907.0
131,52,,145,236,8,-64.0,909.0
132,53,,146,237,8,-65.0,908.0
133,54,,147,237,8,-65.0,914.0
134,55,,148,238,8,-65.0,912.0
135,56,,149,239,8,-65.0,914.0
136,58,,150,239,8,-64.0,913.0
137,59,,151,240,9,-65.0,915.0
138,60,,152,241,9,-63.0,914.0
139,61,,153,241,9,-65.0,915.0
140,62,,154,242,9,-65.0,917.0
141,63,,155,243,9,-64.0,917.0
142,64,,156,243,9,-65.0,922.0
143,65,,157,244,9,-64.0,920.0
144,66,,158,245,9,-66.0,922.0
145,67,,159,245,9,-65.0,918.0
146,69,,160,246,9,-67.0,919.0
147,70,,161,246,9,-65.0,919.0
148,71,,162,247,9,-65.0,919.0
149,72,,163,248,9,-65.0,919.0
150,73,,164,248,9,-64.0,919.0
151,74,,165,249,9,-65.0,922.0
152,75,,166,250,9,-65.0,922.0
153,76,,167,250,9,-65.0,920.0
154,77,,168,251,9,-66.0,923.0
155,78,,169,252,9,-66.0,922.0
156,80,,170,252,9,-66.0,925.0
157,81,,171,253,9,-67.0,925.0
158,82,,172,254,9,-67.0,923.0
159,83,,173,254,9,-67.0,920.0
160,84,,174,255,9,-67.0,921.0
161,85,,175,256,9,-68.0,921.0
162,86,,176,256,9,-67.0,920.0
163,87,,177,257,9,-66.0,921.0
164,88,,178,258,9,-66.0,920.0
165,89,,179,258,9,-66.0,920.0
166,91,,180,259,9,-67.0,919.0
167,92,,181,260,9,-67.0,918.0
168,93,,182,260,9,-67.0,921.0
169,94,,183,261,9,-67.0,921.0
170,95,,184,261,9,-67.0,923.0
171,96,,185,262,9,-67.0,923.0
172,97,,186,263,9,-66.0,922.0
173,98,,187,263,9,-67.0,921.0
174,99,,188,264,9,-68.0,920.0
175,100,,189,265,9,-68.0,920.0
176,102,,190,265,9,-66.0,917.0
177,103,,191,266,9,-67.0,921.0
178,106,,196,269,9,-66.0,916.0
179,107,,197,270,10,-68.0,915.0
180,108,,198,271,10,-67.0,914.0
181,109,,199,271,10,-66.0,917.0
182,116,,223,287,10,-71.0,895.0
183,117,,224,287,10,-69.0,894.0
184,118,,225,288,10,-71.0,894.0
185,119,,226,288,10,-70.0,894.0
186,120,,227,289,10,-70.0,892.0
187,121,,228,290,10,-71.0,894.0
188,122,,229,290,10,-69.0,894.0
189,124,,230,291,10,-69.0,888.0
190,125,,231,292,10,-71.0,890.0
191,126,,232,292,10,-69.0,888.0
192,127,,233,293,10,-69.0,889.0
193,128,,234,293,10,-69.0,890.0
194,129,,235,294,10,-70.0,886.0
195,130,,236,295,10,-72.0,886.0
196,131,,237,295,10,-71.0,883.0
197,132,,238,296,10,-70.0,885.0
198,133,,239,297,10,-73.0,885.0
199,135,,240,297,10,-70.0,884.0
200,136,,241,298,10,-72.0,884.0
201,137,,242,298,10,-70.0,881.0
202,138,,243,299,10,-71.0,884.0
203,139,,244,300,11,-69.0,878.0
204,140,,245,300,11,-70.0,879.0
205,141,,246,301,11,-73.0,878.0
206,142,,247,301,11,-71.0,873.0
207,143,,248,302,11,-70.0,877.0
208,144,,249,303,11,-69.0,873.0
209,146,,250,303,11,-70.0,877.0
210,147,,251,304,11,-71.0,876.0
211,148,,252,304,11,-71.0,874.0
212,149,,253,305,11,-71.0,877.0
213,150,,254,306,11,-70.0,871.0
214,151,,255,306,11,-69.0,877.0
215,152,,256,307,11,-70.0,871.0
216,153,,257,308,11,-70.0,871.0
217,154,,258,308,11,-71.0,869.0
218,155,,259,309,11,-72.0,871.0
219,157,,260,309,11,-70.0,875.0
220,158,,261,310,11,-70.0,868.0
221,161,,268,314,11,-70.0,864.0
222,162,,269,315,11,-72.0,866.0
223,164,,270,315,11,-67.0,863.0
224,165,,271,316,11,-69.0,864.0
225,166,,272,316,11,-71.0,864.0
226,167,,273,317,11,-70.0,861.0
227,168,,274,318,11,-70.0,861.0
228,169,,275,318,11,-67.0,860.0
229,244,,276,319,11,-69.0,858.0
230,245,,277,319,11,-69.0,857.0
231,246,,278,320,11,-67.0,855.0
232,247,,279,321,11,-68.0,856.0
233,248,,280,321,11,-69.0,856.0
234,249,,281,322,11,-68.0,855.0
235,250,,282,322,11,-72.0,856.0
236,251,,283,323,11,-68.0,854.0
237,252,,284,323,11,-71.0,854.0
238,253,,285,324,11,-70.0,852.0
239,254,,286,325,11,-71.0,854.0
240,255,,287,325,11,-72.0,856.0
241,256,,288,326,11,-69.0,854.0
242,257,,289,326,11,-71.0,854.0
243,258,,290,327,11,-71.0,853.0
244,259,,291,327,11,-70.0,853.0
245,260,,292,328,11,-71.0,853.0
246,261,,293,329,11,-72.0,850.0
247,262,,294,329,11,-72.0,852.0
248,263,,295,330,12,-71.0,853.0
249,264,,296,330,12,-71.0,850.0
250,265,,297,331,12,-72.0,849.0
251,266,,298,331,12,-72.0,850.0
252,267,,299,332,12,-71.0,849.0
253,286,,300,333,12,-72.0,852.0
254,276,,301,333,12,-73.0,852.0
255,287,,302,334,12,-71.0,850.0
256,283,,303,334,12,-71.0,849.0
257,281,,304,335,12,-70.0,848.0
258,275,,305,335,12,-71.0,847.0
259,280,,306,336,12,-71.0,848.0
260,279,,307,336,12,-72.0,851.0
261,282,,308,337,12,-73.0,850.0
262,284,,309,338,12,-72.0,848.0
263,278,,310,338,12,-71.0,849.0
264,277,,311,339,12,-74.0,846.0
265,285,,312,339,12,-71.0,845.0
266,274,,313,340,12,-77.0,849.0
267,272,,314,340,12,-73.0,848.0
268,273,,315,341,12,-74.0,850.0
269,288,,316,341,12,-74.0,851.0
270,268,,317,342,12,-72.0,849.0
271,270,,318,342,12,-74.0,849.0
272,271,,319,343,12,-73.0,847.0
273,269,,320,344,12,-74.0,846.0
274,289,,321,344,12,-75.0,847.0
275,291,,322,345,12,-74.0,849.0
276,290,,323,345,12,-74.0,847.0
277,292,,324,346,12,-75.0,850.0
278,294,,325,346,12,-74.0,847.0
279,295,,326,347,12,-72.0,848.0
280,296,,327,347,12,-74.0,848.0
281,293,,328,348,12,-75.0,847.0
282,298,,329,348,12,-74.0,847.0
283,297,,330,349,12,-75.0,848.0
284,303,,331,349,12,-74.0,848.0
285,300,,332,350,12,-76.0,849.0
286,299,,333,350,12,-75.0,849.0
287,301,,334,351,12,-74.0,852.0
288,302,,335,352,12,-76.0,852.0
289,305,,336,352,12,-76.0,852.0
290,304,,337,353,12,-75.0,853.0
291,306,,338,353,12,-78.0,848.0
292,308,,339,354,12,-76.0,849.0
293,307,,340,354,12,-76.0,851.0
294,310,,341,355,12,-77.0,852.0
295,309,,342,355,12,-76.0,851.0
296,311,,343,356,12,-77.0,850.0
297,317,,344,356,12,-77.0,851.0
298,312,,345,357,12,-77.0,853.0
299,314,,346,357,12,-76.0,853.0
300,313,,347,358,12,-77.0,851.0
301,315,,348,358,12,-74.0,850.0
302,316,,349,359,12,-75.0,852.0
303,318,,350,359,12,-76.0,853.0
304,320,,351,0,1,-75.0,853.0
305,319,,352,0,1,-77.0,854.0
306,323,,353,1,1,-75.0,855.0
307,322,,354,1,1,-75.0,857.0
308,321,,355,2,1,-75.0,857.0
309,324,,356,2,1,-77.0,856.0
310,325,,357,3,1,-76.0,857.0
311,326,,366,7,1,-76.0,861.0
312,328,,367,8,1,-76.0,862.0
313,330,,368,8,1,-77.0,863.0
314,331,,369,9,1,-75.0,865.0
315,332,,370,9,1,-79.0,865.0
316,333,,371,10,1,-77.0,865.0
317,334,,372,10,1,-76.0,866.0
318,335,,373,11,1,-79.0,866.0
319,337,,374,11,1,-79.0,866.0
320,336,,375,12,1,-77.0,867.0
321,340,,376,12,1,-78.0,870.0
322,338,,377,13,1,-78.0,870.0
323,339,,378,13,1,-78.0,869.0
324,341,,379,14,1,-79.0,870.0
325,343,,380,14,1,-79.0,870.0
326,345,,381,15,1,-79.0,871.0
327,344,,382,15,1,-76.0,872.0
328,342,,383,16,1,-77.0,874.0
329,346,,384,16,1,-77.0,875.0
330,351,,385,17,1,-78.0,874.0
331,347,,386,17,1,-77.0,873.0
332,349,,387,18,1,-78.0,874.0
333,350,,388,18,1,-79.0,875.0
334,348,,389,19,1,-79.0,875.0
335,352,,390,19,1,-78.0,875.0
336,353,,391,20,1,-78.0,875.0
337,354,,392,20,1,-77.0,876.0
338,355,,393,21,1,-76.0,877.0
339,356,,394,21,1,-79.0,878.0
340,357,,395,22,1,-77.0,878.0
341,358,,396,22,1,-78.0,879.0
342,359,,397,23,1,-75.0,880.0
343,360,,398,23,1,-79.0,880.0
344,361,,399,24,1,-79.0,881.0
345,363,,400,24,1,-79.0,881.0
346,362,,401,25,1,-79.0,882.0
347,365,,402,25,1,-78.0,883.0
348,364,,403,25,1,-80.0,883.0
349,367,,404,26,1,-78.0,884.0
350,366,,405,26,1,-82.0,885.0
351,374,,406,27,1,-81.0,886.0
352,370,,407,27,1,-81.0,887.0
353,369,,408,28,1,-80.0,887.0
354,368,,409,28,1,-81.0,887.0
355,373,,410,29,1,-81.0,888.0
356,372,,411,29,1,-82.0,887.0
357,371,,412,30,2,-80.0,888.0
358,376,,413,30,2,-82.0,888.0
359,375,,414,31,2,-79.0,889.0
360,377,,415,31,2,-82.0,890.0
361,378,,416,32,2,-79.0,889.0
362,379,,417,32,2,-82.0,890.0
363,380,,418,33,2,-79.0,891.0
364,381,,419,33,2,-82.0,891.0
365,385,,420,33,2,-80.0,892.0
366,382,,421,34,2,-81.0,890.0
367,384,,422,34,2,-82.0,891.0
368,383,,423,35,2,-81.0,892.0
369,386,,424,35,2,-81.0,893.0
370,393,,425,36,2,-81.0,893.0
371,388,,426,36,2,-79.0,893.0
372,392,,427,37,2,-81.0,893.0
373,391,,428,37,2,-81.0,894.0
374,387,,429,38,2,-82.0,895.0
375,390,,430,38,2,-82.0,896.0
376,389,,431,39,2,-83.0,895.0
377,395,,432,39,2,-80.0,896.0
378,394,,433,40,2,-81.0,895.0
379,397,,434,40,2,-80.0,896.0
380,396,,435,40,2,-81.0,896.0
381,398,,436,41,2,-81.0,897.0
382,399,,437,41,2,-82.0,898.0
383,400,,438,42,2,-79.0,899.0
384,401,,439,42,2,-80.0,899.0
385,404,,440,43,2,-80.0,899.0
386,402,,441,43,2,-81.0,900.0
387,405,,442,44,2,-80.0,900.0
388,403,,443,44,2,-81.0,901.0
389,407,,455,50,2,-84.0,905.0
390,406,,456,50,2,-83.0,905.0
391,409,,463,53,2,-86.0,906.0
392,410,,464,54,2,-84.0,906.0
393,412,,465,54,2,-85.0,906.0
394,415,,466,55,2,-85.0,907.0
395,411,,467,55,2,-84.0,907.0
396,414,,468,55,2,-85.0,907.0
397,413,,469,56,2,-85.0,908.0
398,475,,470,56,2,-85.0,907.0
399,479,,471,57,2,-84.0,906.0
400,416,,472,57,2,-84.0,907.0
401,417,,473,58,2,-86.0,907.0
402,420,,474,58,2,-84.0,906.0
403,419,,475,59,2,-85.0,906.0
404,418,,476,59,2,-85.0,906.0
405,421,,477,60,3,-85.0,907.0
406,422,,486,64,3,-84.0,904.0
407,473,,487,64,3,-85.0,904.0
408,480,,488,64,3,-87.0,903.0
409,423,,489,65,3,-85.0,904.0
410,434,,490,65,3,-87.0,903.0
411,433,,491,66,3,-86.0,903.0
412,427,,492,66,3,-86.0,903.0
413,426,,493,67,3,-84.0,902.0
414,429,,494,67,3,-85.0,902.0
415,431,,495,68,3,-86.0,900.0
416,428,,496,68,3,-85.0,901.0
417,425,,497,69,3,-86.0,901.0
418,424,,498,69,3,-86.0,901.0
419,432,,499,69,3,-84.0,899.0
420,430,,500,70,3,-85.0,897.0
421,435,,501,70,3,-86.0,898.0
422,437,,502,71,3,-87.0,898.0
423,483,,503,71,3,-86.0,897.0
424,436,,504,72,3,-85.0,895.0
425,438,,505,72,3,-85.0,895.0
426,439,,506,73,3,-86.0,894.0
427,440,,507,73,3,-85.0,894.0
428,442,,508,73,3,-83.0,893.0
429,443,,509,74,3,-86.0,895.0
430,441,,510,74,3,-85.0,892.0
431,446,,511,75,3,-85.0,892.0
432,444,,512,75,3,-86.0,890.0
433,445,,513,76,3,-86.0,889.0
434,447,,514,76,3,-86.0,888.0
435,450,,515,77,3,-86.0,888.0
436,449,,516,77,3,-86.0,888.0
437,448,,517,77,3,-86.0,885.0
438,451,,518,78,3,-85.0,885.0
439,452,,519,78,3,-86.0,884.0
440,453,,520,79,3,-86.0,884.0
441,454,,521,79,3,-87.0,882.0
442,455,,522,80,3,-85.0,881.0
443,458,,523,80,3,-85.0,881.0
444,457,,524,81,3,-85.0,880.0
445,456,,525,81,3,-87.0,878.0
446,459,,526,82,3,-87.0,878.0
447,460,,527,82,3,-86.0,877.0
448,461,,528,82,3,-86.0,876.0
449,462,,529,83,3,-87.0,875.0
450,463,,530,83,3,-87.0,873.0
451,465,,531,84,3,-87.0,872.0
452,464,,532,84,3,-88.0,872.0
453,466,,533,85,3,-87.0,871.0
454,467,,534,85,3,-86.0,869.0
455,468,,535,86,3,-88.0,868.0
456,470,,536,86,3,-83.0,867.0
457,469,,537,86,3,-83.0,865.0
458,472,,538,87,3,-85.0,865.0
459,476,,539,87,3,-85.0,864.0
460,481,,540,88,3,-84.0,862.0
461,482,,541,88,3,-84.0,861.0
462,477,,542,89,3,-85.0,859.0
463,486,,543,89,3,-84.0,858.0
464,487,,544,90,4,-86.0,857.0
465,490,,545,90,4,-85.0,856.0
466,489,,546,91,4,-85.0,855.0
467,488,,547,91,4,-85.0,853.0
468,491,,548,91,4,-86.0,852.0
469,492,,549,92,4,-87.0,851.0
470,494,,550,92,4,-85.0,850.0
471,495,,551,93,4,-85.0,848.0
472,493,,552,93,4,-86.0,847.0
473,496,,553,94,4,-84.0,845.0
474,497,,554,94,4,-84.0,843.0
475,499,,555,95,4,-85.0,843.0
476,501,,556,95,4,-85.0,842.0
477,498,,557,96,4,-85.0,840.0
478,500,,558,96,4,-85.0,839.0
479,502,,559,96,4,-85.0,838.0
480,503,,560,97,4,-86.0,836.0
481,504,,561,97,4,-85.0,835.0
482,506,,562,98,4,-85.0,834.0
483,505,,563,98,4,-87.0,833.0
484,509,,564,99,4,-86.0,831.0
485,508,,565,99,4,-85.0,830.0
486,507,,566,100,4,-86.0,829.0
487,510,,567,100,4,-86.0,827.0
488,511,,568,101,4,-86.0,825.0
489,512,,569,101,4,-85.0,825.0
490,513,,570,102,4,-84.0,823.0
491,515,,571,102,4,-84.0,821.0
492,514,,572,102,4,-85.0,820.0
493,516,,573,103,4,-84.0,819.0
494,517,,574,103,4,-85.0,817.0
495,518,,575,104,4,-82.0,816.0
496,520,,576,104,4,-84.0,815.0
497,519,,577,105,4,-84.0,813.0
498,521,,578,105,4,-83.0,812.0
499,522,,579,106,4,-82.0,811.0
500,523,,580,106,4,-83.0,810.0
501,524,,581,107,4,-84.0,808.0
502,525,,582,107,4,-84.0,807.0
503,526,,583,108,4,-82.0,806.0
504,528,,584,108,4,-82.0,804.0
505,527,,585,109,4,-83.0,802.0
506,529,,586,109,4,-82.0,802.0
507,530,,587,109,4,-85.0,801.0
508,532,,588,110,4,-84.0,799.0
509,531,,589,110,4,-85.0,798.0
510,535,,590,111,4,-82.0,797.0
511,533,,591,111,4,-82.0,795.0
512,534,,592,112,4,-83.0,795.0
513,536,,593,112,4,-83.0,795.0
514,537,,594,113,4,-83.0,793.0
515,538,,595,113,4,-83.0,792.0
516,539,,596,114,4,-82.0,791.0
517,540,,597,114,4,-84.0,790.0
518,542,,598,115,4,-84.0,787.0
519,543,,599,115,4,-84.0,788.0
520,541,,600,116,4,-81.0,787.0
521,544,,601,116,4,-82.0,785.0
522,545,,602,117,4,-82.0,784.0
523,548,,603,117,4,-83.0,783.0
524,546,,604,118,4,-84.0,782.0
525,547,,605,118,4,-83.0,781.0
526,549,,606,118,4,-84.0,780.0
527,550,,607,119,4,-83.0,779.0
528,551,,608,119,4,-85.0,777.0
529,552,,609,120,5,-84.0,777.0
530,554,,610,120,5,-85.0,776.0
531,555,,611,121,5,-84.0,775.0
532,553,,612,121,5,-85.0,774.0
533,556,,613,122,5,-84.0,773.0
534,557,,614,122,5,-82.0,772.0
535,558,,615,123,5,-83.0,771.0
536,559,,616,123,5,-82.0,769.0
537,561,,617,124,5,-84.0,769.0
538,562,,618,124,5,-83.0,769.0
539,560,,619,125,5,-82.0,766.0
540,563,,620,125,5,-83.0,765.0
541,564,,621,126,5,-82.0,765.0
542,565,,622,126,5,-84.0,763.0
543,566,,623,127,5,-83.0,763.0
544,568,,624,127,5,-82.0,762.0
545,569,,625,128,5,-81.0,761.0
546,567,,626,128,5,-82.0,760.0
547,570,,627,129,5,-82.0,759.0
548,571,,628,129,5,-81.0,759.0
549,572,,629,130,5,-84.0,759.0
550,573,,630,130,5,-82.0,757.0
551,576,,631,131,5,-81.0,756.0
552,575,,632,131,5,-79.0,755.0
553,574,,633,132,5,-81.0,754.0
554,577,,634,132,5,-82.0,753.0
555,578,,635,133,5,-82.0,754.0
556,582,,636,133,5,-81.0,752.0
557,580,,637,134,5,-80.0,752.0
558,579,,638,134,5,-80.0,751.0
559,581,,639,135,5,-80.0,750.0
560,583,,640,135,5,-81.0,750.0
561,584,,641,136,5,-81.0,749.0
562,585,,642,136,5,-80.0,749.0
563,586,,643,137,5,-80.0,748.0
564,588,,644,137,5,-80.0,748.0
565,589,,645,138,5,-81.0,746.0
566,587,,646,138,5,-81.0,746.0
567,590,,647,139,5,-79.0,746.0
568,591,,648,139,5,-80.0,746.0
569,592,,649,140,5,-79.0,745.0
570,593,,650,140,5,-80.0,743.0
571,595,,651,141,5,-80.0,743.0
572,594,,652,141,5,-79.0,745.0
573,596,,653,142,5,-80.0,744.0
574,597,,654,142,5,-79.0,742.0
575,598,,655,143,5,-77.0,741.0
576,599,,656,143,5,-80.0,740.0
577,600,,657,144,5,-79.0,739.0
578,602,,658,144,5,-79.0,739.0
579,603,,659,145,5,-77.0,738.0
580,601,,660,145,5,-78.0,735.0
581,604,,661,146,5,-76.0,735.0
582,605,,662,146,5,-77.0,735.0
583,609,,663,147,5,-77.0,734.0
584,607,,664,147,5,-78.0,732.0
585,610,,665,148,5,-78.0,735.0
586,608,,666,148,5,-77.0,736.0
587,606,,667,149,5,-76.0,736.0
588,611,,668,150,6,-75.0,734.0
589,613,,669,150,6,-84.0,735.0
590,612,,670,151,6,-79.0,737.0
591,614,,671,151,6,-79.0,740.0
592,615,,672,152,6,-78.0,739.0
593,616,,673,152,6,-78.0,738.0
594,617,,674,153,6,-80.0,739.0
595,618,,675,153,6,-80.0,740.0
596,619,,676,154,6,-80.0,738.0
597,622,,677,154,6,-78.0,737.0
598,621,,678,155,6,-77.0,739.0
599,624,,679,155,6,-77.0,738.0
600,620,,680,156,6,-76.0,740.0
601,623,,681,156,6,-79.0,738.0
602,625,,682,157,6,-77.0,739.0
603,626,,683,158,6,-79.0,741.0
604,627,,684,158,6,-75.0,741.0
605,628,,685,159,6,-77.0,740.0
606,629,,686,159,6,-76.0,738.0
607,630,,687,160,6,-77.0,739.0
608,631,,688,160,6,-77.0,741.0
609,632,,689,161,6,-76.0,742.0
610,633,,690,161,6,-77.0,741.0
611,634,,691,162,6,-76.0,741.0
612,637,,692,162,6,-76.0,742.0
613,636,,693,163,6,-76.0,741.0
614,635,,694,164,6,-75.0,740.0
615,638,,695,164,6,-76.0,741.0
616,639,,696,165,6,-75.0,743.0
617,640,,697,165,6,-74.0,743.0
618,641,,698,166,6,-77.0,743.0
619,642,,699,166,6,-76.0,744.0
620,643,,700,167,6,-75.0,745.0
621,644,,701,167,6,-77.0,745.0
622,645,,702,168,6,-76.0,745.0
623,646,,703,169,6,-75.0,747.0
624,647,,704,169,6,-75.0,747.0
625,648,,705,170,6,-76.0,746.0
626,650,,706,170,6,-76.0,748.0
627,651,,707,171,6,-76.0,749.0
628,649,,708,171,6,-76.0,749.0
629,652,,709,172,6,-73.0,750.0
630,653,,710,172,6,-77.0,751.0
631,654,,711,173,6,-75.0,751.0
632,658,,712,174,6,-77.0,752.0
633,656,,713,174,6,-76.0,754.0
634,655,,714,175,6,-76.0,754.0
635,657,,715,175,6,-73.0,755.0
636,659,,716,176,6,-75.0,755.0
637,661,,717,176,6,-76.0,756.0
638,660,,718,177,6,-77.0,757.0
639,662,,719,178,6,-77.0,758.0
640,663,,720,178,6,-74.0,760.0
641,664,,721,179,6,-73.0,761.0
642,665,,722,179,6,-74.0,760.0
643,666,,723,180,7,-73.0,761.0
644,667,,724,181,7,-74.0,763.0
645,669,,725,181,7,-73.0,764.0
646,668,,726,182,7,-75.0,766.0
647,671,,727,182,7,-76.0,766.0
648,670,,728,183,7,-74.0,766.0
649,672,,729,183,7,-75.0,768.0
650,676,,730,184,7,-76.0,770.0
651,673,,731,185,7,-75.0,771.0
652,677,,732,185,7,-75.0,773.0
653,674,,733,186,7,-74.0,773.0
654,675,,734,186,7,-73.0,776.0
655,678,,735,187,7,-73.0,776.0
656,679,,736,188,7,-76.0,776.0
657,680,,737,188,7,-74.0,777.0
658,681,,738,189,7,-75.0,778.0
659,682,,739,189,7,-77.0,779.0
660,685,,740,190,7,-76.0,782.0
661,683,,741,191,7,-70.0,784.0
662,684,,742,191,7,-72.0,784.0
663,686,,743,192,7,-72.0,786.0
664,687,,744,192,7,-75.0,786.0
665,689,,745,193,7,-74.0,787.0
666,688,,746,194,7,-76.0,788.0
667,691,,747,194,7,-73.0,789.0
668,690,,748,195,7,-71.0,791.0
669,692,,749,195,7,-73.0,794.0
670,693,,750,196,7,-72.0,796.0
671,695,,751,197,7,-72.0,797.0
672,694,,752,197,7,-71.0,798.0
673,698,,753,198,7,-73.0,800.0
674,696,,754,198,7,-73.0,802.0
675,697,,755,199,7,-74.0,806.0
676,699,,756,200,7,-73.0,806.0
677,700,,757,200,7,-73.0,807.0
678,701,,758,201,7,-71.0,810.0
679,702,,759,201,7,-77.0,809.0
680,704,,760,202,7,-70.0,810.0
681,705,,761,203,7,-72.0,814.0
682,703,,762,203,7,-75.0,814.0
683,706,,763,204,7,-78.0,817.0
684,707,,764,205,7,-73.0,821.0
685,708,,765,205,7,-73.0,820.0
686,709,,766,206,7,-70.0,824.0
687,710,,767,206,7,-71.0,824.0
688,712,,768,207,7,-73.0,826.0
689,711,,769,208,7,-73.0,829.0
690,713,,770,208,7,-70.0,829.0
691,714,,771,209,7,-71.0,836.0
692,715,,772,210,8,-71.0,835.0
693,716,,773,210,8,-70.0,838.0
694,719,,774,211,8,-73.0,838.0
695,717,,775,211,8,-71.0,838.0
696,718,,776,212,8,-72.0,841.0
697,720,,777,213,8,-72.0,841.0
698,721,,778,213,8,-70.0,846.0
699,722,,779,214,8,-71.0,845.0
700,723,,780,215,8,-72.0,852.0
701,725,,781,215,8,-74.0,849.0
702,724,,782,216,8,-71.0,854.0
703,727,,783,216,8,-69.0,853.0
704,726,,784,217,8,-69.0,857.0
705,728,,785,218,8,-74.0,858.0
706,729,,786,218,8,-74.0,861.0
707,732,,787,219,8,-73.0,860.0
708,731,,788,220,8,-68.0,862.0
709,730,,789,220,8,-68.0,862.0
710,733,,790,221,8,-68.0,864.0
711,734,,791,222,8,-70.0,867.0
712,735,,792,222,8,-71.0,873.0
713,736,,793,223,8,-71.0,877.0
714,739,,794,223,8,-68.0,874.0
715,738,,795,224,8,-68.0,875.0
716,737,,796,225,8,-65.0,877.0
717,740,,797,225,8,-65.0,879.0
718,741,,798,226,8,-67.0,883.0
719,743,,799,227,8,-70.0,884.0
720,742,,800,227,8,-67.0,884.0
721,746,,801,228,8,-70.0,884.0
722,745,,802,229,8,-69.0,887.0
723,744,,803,229,8,-69.0,888.0
724,747,,804,230,8,-73.0,891.0
725,748,,805,231,8,-70.0,893.0
726,750,,806,231,8,-69.0,893.0
727,749,,807,232,8,-71.0,892.0
728,752,,808,232,8,-67.0,893.0
729,753,,809,233,8,-70.0,895.0
730,751,,810,234,8,-69.0,897.0
731,754,,811,234,8,-71.0,900.0
732,755,,812,235,8,-75.0,902.0
733,756,,813,236,8,-67.0,904.0
734,757,,814,236,8,-68.0,902.0
735,759,,815,237,8,-69.0,905.0
736,758,,816,238,8,-74.0,909.0
737,761,,817,238,8,-69.0,913.0
738,760,,818,239,8,-68.0,914.0
739,763,,819,240,9,-71.0,913.0
740,765,,820,240,9,-68.0,910.0
741,762,,821,241,9,-68.0,910.0
742,764,,822,242,9,-71.0,911.0
743,766,,823,242,9,-69.0,912.0
744,768,,824,243,9,-67.0,914.0
745,767,,825,243,9,-67.0,914.0
746,770,,826,244,9,-68.0,914.0
747,769,,827,245,9,-68.0,911.0
748,771,,828,245,9,-71.0,914.0
749,773,,829,246,9,-71.0,914.0
750,772,,830,247,9,-68.0,918.0
751,774,,831,247,9,-68.0,920.0
752,775,,832,248,9,-68.0,924.0
753,776,,833,249,9,-69.0,923.0
754,777,,834,249,9,-68.0,918.0
755,780,,835,250,9,-69.0,917.0
756,778,,836,251,9,-69.0,916.0
757,779,,837,251,9,-69.0,916.0
758,782,,838,252,9,-69.0,917.0
759,781,,839,253,9,-70.0,917.0
760,783,,840,253,9,-74.0,913.0
761,784,,841,254,9,-75.0,914.0
762,790,,842,255,9,-69.0,914.0
763,793,,843,255,9,-69.0,916.0
764,788,,844,256,9,-68.0,917.0
765,786,,845,257,9,-73.0,920.0
766,785,,846,257,9,-74.0,925.0
767,791,,847,258,9,-69.0,918.0
768,792,,848,258,9,-69.0,918.0
769,787,,849,259,9,-69.0,918.0
770,789,,850,260,9,-68.0,918.0
771,794,,851,260,9,-68.0,919.0
772,797,,852,261,9,-73.0,916.0
773,796,,853,262,9,-67.0,913.0
774,798,,854,262,9,-66.0,910.0
775,799,,855,263,9,-69.0,912.0
776,795,,856,264,9,-68.0,912.0
777,801,,857,264,9,-76.0,911.0
778,800,,858,265,9,-73.0,913.0
779,802,,859,266,9,-72.0,915.0
780,803,,860,266,9,-69.0,916.0
781,804,,861,267,9,-70.0,917.0
782,807,,862,268,9,-70.0,917.0
783,805,,863,268,9,-72.0,916.0
784,806,,864,269,9,-70.0,914.0
785,808,,865,270,10,-70.0,913.0
786,809,,866,270,10,-71.0,911.0
787,810,,867,271,10,-71.0,910.0
788,811,,868,271,10,-71.0,908.0
789,812,,869,272,10,-72.0,906.0
790,813,,870,273,10,-74.0,909.0
791,814,,871,273,10,-70.0,903.0
792,815,,872,274,10,-72.0,902.0
793,817,,881,280,10,-73.0,899.0
794,818,,882,280,10,-76.0,901.0
795,820,,883,281,10,-74.0,897.0
796,821,,884,282,10,-71.0,897.0
797,819,,885,282,10,-71.0,895.0
798,823,,886,283,10,-73.0,894.0
799,822,,887,284,10,-73.0,897.0
800,824,,888,284,10,-70.0,896.0
801,825,,889,285,10,-70.0,895.0
802,826,,890,286,10,-72.0,892.0
803,827,,891,286,10,-72.0,892.0
804,828,,892,287,10,-71.0,892.0
805,829,,893,287,10,-72.0,890.0
806,830,,894,288,10,-75.0,891.0
807,831,,895,289,10,-72.0,889.0
808,833,,896,289,10,-70.0,888.0
809,832,,897,290,10,-72.0,884.0
810,834,,898,291,10,-72.0,883.0
811,835,,899,291,10,-75.0,881.0
812,836,,900,292,10,-70.0,883.0
813,837,,901,292,10,-71.0,885.0
814,838,,902,293,10,-68.0,883.0
815,839,,903,294,10,-71.0,882.0
816,841,,904,294,10,-71.0,878.0
817,840,,905,295,10,-71.0,880.0
818,843,,906,296,10,-76.0,878.0
819,842,,907,296,10,-75.0,879.0
820,844,,908,297,10,-71.0,883.0
821,845,,909,297,10,-70.0,878.0
822,847,,910,298,10,-73.0,878.0
823,846,,911,299,10,-70.0,874.0
824,849,,912,299,10,-75.0,875.0
825,848,,913,300,11,-71.0,871.0
826,850,,914,300,11,-71.0,874.0
827,851,,915,301,11,-71.0,878.0
828,852,,916,302,11,-71.0,872.0
829,854,,917,302,11,-76.0,871.0
830,853,,918,303,11,-71.0,867.0
831,855,,919,304,11,-74.0,870.0
832,856,,920,304,11,-72.0,868.0
833,857,,921,305,11,-70.0,867.0
834,858,,922,305,11,-73.0,870.0
835,859,,923,306,11,-72.0,867.0
836,861,,924,307,11,-74.0,867.0
837,860,,925,307,11,-71.0,862.0
838,862,,926,308,11,-76.0,864.0
839,863,,927,308,11,-76.0,862.0
840,864,,928,309,11,-72.0,862.0
841,865,,929,310,11,-75.0,866.0
842,868,,930,310,11,-75.0,865.0
843,867,,931,311,11,-69.0,864.0
844,866,,932,311,11,-71.0,859.0
845,869,,933,312,11,-71.0,863.0
846,870,,934,313,11,-73.0,858.0
847,872,,935,313,11,-75.0,862.0
848,871,,936,314,11,-72.0,865.0
849,874,,937,314,11,-73.0,863.0
850,876,,940,316,11,-73.0,861.0
851,875,,941,317,11,-74.0,857.0
852,880,,942,317,11,-74.0,857.0
853,877,,943,318,11,-73.0,854.0
854,878,,944,318,11,-70.0,852.0
855,881,,945,319,11,-72.0,851.0
856,879,,946,320,11,-77.0,850.0
857,882,,947,320,11,-70.0,853.0
858,883,,948,321,11,-73.0,854.0
859,884,,949,321,11,-72.0,851.0
860,885,,950,322,11,-73.0,850.0
861,888,,951,323,11,-75.0,849.0
862,886,,952,323,11,-69.0,847.0
863,887,,953,324,11,-71.0,847.0
864,889,,954,324,11,-73.0,847.0
865,892,,958,327,11,-74.0,848.0
866,891,,959,327,11,-78.0,846.0
867,893,,960,328,11,-76.0,846.0
868,895,,961,328,11,-71.0,849.0
869,894,,962,329,11,-73.0,845.0
870,896,,963,329,11,-71.0,850.0
871,897,,964,330,12,-72.0,847.0
872,898,,965,331,12,-75.0,847.0
873,900,,966,331,12,-73.0,850.0
874,899,,967,332,12,-74.0,844.0
875,901,,968,332,12,-71.0,848.0
876,902,,969,333,12,-72.0,844.0
877,903,,970,333,12,-71.0,849.0
878,906,,971,334,12,-71.0,848.0
879,904,,972,334,12,-73.0,847.0
880,905,,973,335,12,-72.0,844.0
881,907,,974,336,12,-73.0,842.0
882,908,,975,336,12,-73.0,843.0
883,909,,976,337,12,-75.0,842.0
884,910,,977,337,12,-75.0,841.0
885,913,,978,338,12,-73.0,842.0
886,912,,979,338,12,-79.0,841.0
887,911,,980,339,12,-73.0,840.0
888,914,,981,339,12,-73.0,841.0
889,917,,982,340,12,-74.0,840.0
890,916,,983,340,12,-76.0,840.0
891,915,,984,341,12,-74.0,840.0
892,918,,985,342,12,-78.0,840.0
893,919,,986,342,12,-74.0,840.0
894,920,,987,343,12,-74.0,839.0
895,922,,988,343,12,-75.0,840.0
896,921,,989,344,12,-74.0,841.0
897,923,,990,344,12,-76.0,839.0
898,926,,991,345,12,-73.0,840.0
899,924,,992,345,12,-73.0,842.0
900,927,,993,346,12,-73.0,840.0
901,925,,994,346,12,-79.0,842.0
902,929,,995,347,12,-74.0,842.0
903,928,,996,348,12,-72.0,842.0
904,930,,997,348,12,-74.0,843.0
905,931,,998,349,12,-73.0,842.0
906,932,,1000,350,12,-74.0,841.0
907,933,,1001,350,12,-79.0,843.0
908,936,,1002,351,12,-77.0,844.0
909,934,,1003,351,12,-74.0,843.0
910,935,,1004,352,12,-74.0,842.0
911,939,,1005,352,12,-75.0,843.0
912,941,,1006,353,12,-78.0,844.0
913,937,,1007,353,12,-79.0,845.0
914,940,,1008,354,12,-79.0,844.0
915,946,,1009,354,12,-75.0,845.0
916,947,,1010,355,12,-74.0,846.0
917,948,,1011,355,12,-78.0,845.0
918,949,,1012,356,12,-81.0,846.0
919,953,,1013,356,12,-80.0,846.0
920,950,,1014,357,12,-77.0,846.0
921,951,,1015,357,12,-75.0,847.0
922,952,,1016,358,12,-76.0,847.0
923,955,,1017,359,12,-78.0,850.0
924,956,,1018,359,12,-79.0,850.0
925,954,,1019,0,1,-81.0,849.0
926,938,,1020,0,1,-63.0,832.0
927,942,,1021,1,1,-76.0,850.0
928,944,,1022,1,1,-75.0,852.0
929,943,,1023,2,1,-76.0,851.0
930,945,,1024,2,1,-76.0,851.0
931,958,,1025,3,1,-74.0,851.0
932,957,,1026,3,1,-78.0,851.0
933,960,,1028,4,1,-75.0,853.0
934,959,,1029,5,1,-75.0,856.0
935,961,,1030,5,1,-77.0,855.0
936,963,,1031,6,1,-76.0,854.0
937,962,,1032,6,1,-74.0,854.0
938,965,,1033,7,1,-77.0,856.0
939,964,,1034,7,1,-76.0,859.0
940,966,,1035,8,1,-77.0,857.0
941,967,,1036,8,1,-76.0,856.0
942,968,,1037,9,1,-80.0,856.0
943,969,,1038,9,1,-76.0,858.0
944,970,,1039,10,1,-77.0,857.0
945,972,,1040,10,1,-77.0,858.0
946,971,,1041,11,1,-77.0,859.0
947,973,,1042,11,1,-76.0,859.0
948,974,,1043,12,1,-77.0,860.0
949,975,,1044,12,1,-79.0,860.0
950,978,,1045,13,1,-80.0,861.0
951,979,,1046,13,1,-77.0,862.0
952,977,,1047,14,1,-77.0,863.0
953,976,,1048,14,1,-78.0,864.0
954,980,,1049,15,1,-75.0,864.0
955,981,,1050,15,1,-76.0,863.0
956,983,,1051,16,1,-76.0,864.0
957,982,,1052,16,1,-78.0,865.0
958,984,,1053,17,1,-79.0,865.0
959,985,,1054,17,1,-77.0,867.0
960,987,,1055,17,1,-77.0,868.0
961,986,,1056,18,1,-76.0,868.0
962,988,,1057,18,1,-78.0,867.0
963,989,,1058,19,1,-78.0,868.0
964,990,,1059,19,1,-78.0,870.0
965,992,,1060,20,1,-78.0,870.0
966,993,,1061,20,1,-77.0,871.0
967,991,,1062,21,1,-77.0,871.0
968,994,,1063,21,1,-79.0,871.0
969,996,,1064,22,1,-77.0,871.0
970,995,,1065,22,1,-78.0,873.0
971,997,,1066,23,1,-78.0,875.0
972,998,,1067,23,1,-79.0,875.0
973,1000,,1068,24,1,-76.0,874.0
974,999,,1069,24,1,-77.0,876.0
975,1001,,1070,25,1,-80.0,877.0
976,1002,,1071,25,1,-78.0,878.0
977,1003,,1072,26,1,-78.0,879.0
978,1004,,1073,26,1,-82.0,879.0
979,1005,,1074,27,1,-77.0,878.0
980,1006,,1075,27,1,-77.0,879.0
981,1007,,1076,28,1,-81.0,880.0
982,1008,,1077,28,1,-79.0,880.0
983,1009,,1078,29,1,-80.0,881.0
984,1010,,1079,29,1,-80.0,882.0
985,1013,,1080,29,1,-77.0,882.0
986,1011,,1081,30,2,-77.0,882.0
987,1012,,1082,30,2,-79.0,882.0
988,1014,,1083,31,2,-80.0,883.0
989,1015,,1084,31,2,-78.0,885.0
990,1017,,1085,32,2,-79.0,886.0
991,1016,,1086,32,2,-77.0,885.0
992,1019,,1087,33,2,-78.0,885.0
993,1020,,1088,33,2,-77.0,885.0
994,1018,,1089,34,2,-76.0,885.0
995,1021,,1090,34,2,-78.0,886.0
996,1022,,1091,35,2,-77.0,886.0
997,1023,,1092,35,2,-79.0,886.0
998,1024,,1093,36,2,-77.0,887.0
999,1026,,1094,36,2,-80.0,888.0
1000,1027,,1095,36,2,-79.0,888.0
1001,1025,,1096,37,2,-79.0,888.0
1002,1028,,1097,37,2,-78.0,889.0
1003,1029,,1098,38,2,-77.0,890.0
1004,1030,,1099,38,2,-78.0,891.0
1005,1031,,1100,39,2,-79.0,890.0
1006,1034,,1101,39,2,-80.0,891.0
1007,1032,,1102,40,2,-84.0,892.0
1008,1033,,1103,40,2,-81.0,893.0
1009,1035,,1104,41,2,-79.0,893.0
1010,1036,,1105,41,2,-78.0,892.0
1011,1037,,1106,42,2,-82.0,893.0
1012,1040,,1107,42,2,-79.0,893.0
1013,1038,,1108,42,2,-78.0,895.0
1014,1039,,1109,43,2,-82.0,895.0
1015,1041,,1110,43,2,-81.0,895.0
1016,1042,,1111,44,2,-79.0,896.0
1017,1043,,1112,44,2,-80.0,895.0
1018,1044,,1113,45,2,-79.0,895.0
1019,1045,,1114,45,2,-79.0,896.0
1020,1047,,1115,46,2,-80.0,897.0
1021,1046,,1116,46,2,-79.0,898.0
1022,1048,,1117,47,2,-79.0,898.0
1023,1049,,1118,47,2,-80.0,898.0
1024,1050,,1119,48,2,-81.0,899.0
1025,1051,,1120,48,2,-80.0,900.0
1026,1052,,1121,48,2,-81.0,901.0
1027,1053,,1122,49,2,-79.0,901.0
1028,1054,,1123,49,2,-79.0,900.0
1029,1055,,1124,50,2,-80.0,900.0
1030,1056,,1125,50,2,-79.0,900.0
1031,1057,,1126,51,2,-79.0,901.0
1032,1058,,1127,51,2,-80.0,901.0
1033,1059,,1128,52,2,-79.0,902.0
1034,1060,,1129,52,2,-80.0,902.0
1035,1061,,1130,53,2,-81.0,902.0
1036,1062,,1131,53,2,-81.0,902.0
1037,1063,,1132,53,2,-82.0,902.0
1038,1064,,1133,54,2,-82.0,902.0
1039,1065,,1134,54,2,-80.0,902.0
1040,1069,,1135,55,2,-81.0,901.0
1041,1066,,1136,55,2,-82.0,901.0
1042,1068,,1137,56,2,-81.0,901.0
1043,1067,,1138,56,2,-82.0,901.0
1044,1070,,1139,57,2,-80.0,901.0
1045,1071,,1140,57,2,-81.0,901.0
1046,1072,,1141,57,2,-82.0,902.0
1047,1073,,1142,58,2,-82.0,902.0
1048,1074,,1143,58,2,-82.0,901.0
1049,1075,,1144,59,2,-82.0,902.0
1050,1076,,1145,59,2,-82.0,903.0
1051,1077,,1146,60,3,-82.0,902.0
1052,1078,,1147,60,3,-80.0,901.0
1053,1080,,1148,61,3,-80.0,901.0
1054,1079,,1149,61,3,-81.0,902.0
1055,1081,,1150,62,3,-82.0,902.0
1056,1082,,1151,62,3,-82.0,901.0
1057,1086,,1152,62,3,-80.0,901.0
1058,1083,,1153,63,3,-82.0,900.0
1059,1088,,1154,63,3,-84.0,900.0
1060,1084,,1155,64,3,-84.0,900.0
1061,1085,,1156,64,3,-84.0,900.0
1062,1087,,1157,65,3,-82.0,900.0
1063,1089,,1158,65,3,-82.0,898.0
1064,1090,,1159,66,3,-82.0,898.0
1065,1091,,1160,66,3,-80.0,899.0
1066,1092,,1161,66,3,-83.0,898.0
1067,1093,,1162,67,3,-84.0,897.0
1068,1094,,1163,67,3,-86.0,896.0
1069,1095,,1164,68,3,-86.0,896.0
1070,1096,,1165,68,3,-84.0,897.0
1071,1097,,1166,69,3,-84.0,895.0
1072,1098,,1167,69,3,-84.0,894.0
1073,1102,,1168,70,3,-84.0,894.0
1074,1100,,1169,70,3,-89.0,894.0
1075,1101,,1170,71,3,-85.0,893.0
1076,1099,,1171,71,3,-87.0,892.0
1077,1104,,1172,71,3,-87.0,892.0
1078,1103,,1173,72,3,-87.0,892.0
1079,1105,,1174,72,3,-85.0,891.0
1080,1106,,1175,73,3,-85.0,890.0
1081,1107,,1176,73,3,-84.0,890.0
1082,1108,,1177,74,3,-84.0,888.0
1083,1109,,1178,74,3,-86.0,888.0
1084,1110,,1179,75,3,-85.0,887.0
1085,1111,,1180,75,3,-86.0,886.0
1086,1112,,1181,75,3,-86.0,885.0
1087,1114,,1182,76,3,-85.0,884.0
1088,1113,,1183,76,3,-86.0,883.0
1089,1115,,1184,77,3,-85.0,882.0
1090,1116,,1185,77,3,-84.0,881.0
1091,1117,,1186,78,3,-86.0,881.0
1092,1118,,1187,78,3,-84.0,881.0
1093,1119,,1188,79,3,-90.0,881.0
1094,1120,,1189,79,3,-87.0,879.0
1095,1121,,1190,79,3,-87.0,877.0
1096,1122,,1191,80,3,-87.0,876.0
1097,1123,,1192,80,3,-86.0,876.0
1098,1124,,1193,81,3,-84.0,875.0
1099,1125,,1194,81,3,-84.0,873.0
1100,1126,,1195,82,3,-86.0,872.0
1101,1129,,1196,82,3,-86.0,871.0
1102,1127,,1197,83,3,-85.0,869.0
1103,1128,,1198,83,3,-86.0,868.0
1104,1130,,1199,84,3,-86.0,868.0
1105,1131,,1200,84,3,-84.0,866.0
1106,1132,,1201,84,3,-85.0,866.0
1107,1133,,1202,85,3,-85.0,864.0
1108,1136,,1203,85,3,-85.0,863.0
1109,1135,,1204,86,3,-84.0,862.0
1110,1134,,1205,86,3,-86.0,861.0
1111,1137,,1206,87,3,-85.0,859.0
1112,1138,,1207,87,3,-85.0,858.0
1113,1139,,1208,88,3,-85.0,857.0
1114,1141,,1209,88,3,-85.0,855.0
1115,1140,,1210,88,3,-85.0,854.0
1116,1142,,1211,89,3,-83.0,853.0
1117,1143,,1212,89,3,-86.0,851.0
1118,1145,,1213,90,4,-84.0,851.0
1119,1144,,1214,90,4,-85.0,849.0
1120,1146,,1215,91,4,-85.0,848.0
1121,1147,,1216,91,4,-86.0,847.0
1122,1148,,1217,92,4,-88.0,846.0
1123,1149,,1218,92,4,-86.0,845.0
1124,1150,,1219,93,4,-87.0,844.0
1125,1151,,1220,93,4,-87.0,842.0
1126,1152,,1221,93,4,-87.0,841.0
1127,1153,,1222,94,4,-87.0,840.0
1128,1155,,1223,94,4,-88.0,839.0
1129,1154,,1224,95,4,-88.0,837.0
1130,1156,,1225,95,4,-87.0,836.0
1131,1157,,1226,96,4,-87.0,835.0
1132,1158,,1227,96,4,-88.0,833.0
1133,1159,,1228,97,4,-88.0,832.0
1134,1160,,1229,97,4,-88.0,831.0
1135,1161,,1230,98,4,-88.0,830.0
1136,1162,,1231,98,4,-88.0,828.0
1137,1163,,1232,99,4,-88.0,827.0
1138,1164,,1233,99,4,-88.0,826.0
1139,1166,,1234,99,4,-88.0,824.0
1140,1165,,1235,100,4,-88.0,824.0
1141,1170,,1236,100,4,-87.0,822.0
1142,1169,,1237,101,4,-88.0,820.0
1143,1167,,1238,101,4,-87.0,819.0
1144,1168,,1239,102,4,-89.0,818.0
1145,1171,,1240,102,4,-87.0,816.0
1146,1172,,1241,103,4,-87.0,816.0
1147,1173,,1242,103,4,-87.0,815.0
1148,1174,,1243,104,4,-86.0,814.0
1149,1175,,1244,104,4,-85.0,812.0
1150,1176,,1245,105,4,-86.0,811.0
1151,1178,,1246,105,4,-85.0,810.0
1152,1177,,1247,105,4,-85.0,809.0
1153,1179,,1248,106,4,-86.0,807.0
1154,1180,,1249,106,4,-85.0,806.0
1155,1182,,1250,107,4,-85.0,804.0
1156,1185,,1251,107,4,-85.0,803.0
1157,1184,,1252,108,4,-85.0,802.0
1158,1181,,1253,108,4,-85.0,800.0
1159,1183,,1254,109,4,-84.0,799.0
1160,1187,,1255,109,4,-84.0,798.0
1161,1186,,1256,110,4,-84.0,797.0
1162,1188,,1257,110,4,-84.0,794.0
1163,1189,,1258,111,4,-83.0,794.0
1164,1190,,1259,111,4,-84.0,794.0
1165,1191,,1260,112,4,-83.0,792.0
1166,1192,,1261,112,4,-81.0,790.0
1167,1193,,1262,112,4,-81.0,790.0
1168,1194,,1263,113,4,-84.0,788.0
1169,1195,,1264,113,4,-84.0,787.0
1170,1197,,1265,114,4,-81.0,787.0
1171,1196,,1266,114,4,-82.0,787.0
1172,1198,,1267,115,4,-83.0,786.0
1173,1199,,1268,115,4,-83.0,784.0
1174,1201,,1269,116,4,-83.0,782.0
1175,1200,,1270,116,4,-82.0,782.0
1176,1202,,1271,117,4,-84.0,781.0
1177,1203,,1272,117,4,-81.0,780.0
1178,1204,,1273,118,4,-79.0,778.0
1179,1205,,1274,118,4,-82.0,777.0
1180,1206,,1275,119,4,-82.0,775.0
1181,1207,,1276,119,4,-83.0,774.0
1182,1208,,1277,120,5,-84.0,774.0
1183,1210,,1278,120,5,-83.0,773.0
1184,1209,,1279,121,5,-83.0,772.0
1185,1211,,1280,121,5,-84.0,771.0
1186,1212,,1281,122,5,-83.0,769.0
1187,1213,,1282,122,5,-81.0,768.0
1188,1214,,1283,123,5,-82.0,767.0
1189,1216,,1284,123,5,-80.0,767.0
1190,1217,,1285,123,5,-80.0,766.0
1191,1215,,1286,124,5,-80.0,765.0
1192,1218,,1287,124,5,-80.0,764.0
1193,1219,,1288,125,5,-80.0,763.0
1194,1220,,1291,126,5,-80.0,760.0
1195,1222,,1292,127,5,-81.0,760.0
1196,1221,,1293,127,5,-81.0,758.0
1197,1223,,1294,128,5,-79.0,758.0
1198,1224,,1295,128,5,-79.0,757.0
1199,1226,,1296,129,5,-79.0,756.0
1200,1225,,1297,129,5,-80.0,755.0
1201,1229,,1298,130,5,-79.0,755.0
1202,1228,,1299,130,5,-80.0,753.0
1203,1227,,1300,131,5,-79.0,752.0
1204,1230,,1301,131,5,-78.0,752.0
1205,1231,,1302,132,5,-80.0,751.0
1206,1232,,1303,132,5,-78.0,751.0
1207,1233,,1304,133,5,-80.0,750.0
1208,1235,,1305,133,5,-80.0,749.0
1209,1234,,1306,134,5,-79.0,748.0
1210,1236,,1307,134,5,-80.0,748.0
1211,1237,,1308,135,5,-81.0,748.0
1212,1238,,1309,135,5,-81.0,747.0
1213,1239,,1310,136,5,-76.0,745.0
1214,1240,,1311,136,5,-78.0,745.0
1215,1243,,1312,137,5,-77.0,745.0
1216,1241,,1313,137,5,-77.0,745.0
1217,1242,,1314,138,5,-78.0,744.0
1218,1244,,1315,138,5,-77.0,744.0
1219,1245,,1316,139,5,-80.0,744.0
1220,1246,,1317,139,5,-80.0,743.0
1221,1247,,1318,140,5,-80.0,743.0
1222,1248,,1319,140,5,-78.0,742.0
1223,1250,,1320,141,5,-77.0,741.0
1224,1249,,1321,141,5,-77.0,740.0
1225,1251,,1322,142,5,-78.0,740.0
1226,1252,,1323,142,5,-77.0,738.0
1227,1253,,1324,143,5,-78.0,738.0
1228,1256,,1325,144,5,-78.0,738.0
1229,1254,,1326,144,5,-77.0,738.0
1230,1255,,1327,145,5,-76.0,736.0
1231,1257,,1328,145,5,-77.0,735.0
1232,1258,,1329,146,5,-74.0,735.0
1233,1259,,1330,146,5,-78.0,734.0
1234,1260,,1331,147,5,-76.0,734.0
1235,1262,,1332,147,5,-78.0,734.0
1236,1263,,1333,148,5,-76.0,733.0
1237,1261,,1334,148,5,-77.0,732.0
1238,1264,,1335,149,5,-77.0,732.0
1239,1265,,1336,149,5,-75.0,732.0
1240,1266,,1337,150,6,-76.0,734.0
1241,1267,,1338,150,6,-75.0,734.0
1242,1268,,1339,151,6,-77.0,733.0
1243,1269,,1340,151,6,-76.0,734.0
1244,1270,,1341,152,6,-76.0,735.0
1245,1271,,1342,152,6,-80.0,735.0
1246,1272,,1343,153,6,-74.0,735.0
1247,1273,,1344,153,6,-75.0,734.0
1248,1276,,1345,154,6,-75.0,735.0
1249,1274,,1346,155,6,-75.0,737.0
1250,1277,,1347,155,6,-75.0,736.0
1251,1275,,1348,156,6,-76.0,735.0
1252,1278,,1349,156,6,-73.0,737.0
1253,1279,,1350,157,6,-73.0,738.0
1254,1280,,1351,157,6,-72.0,739.0
1255,1283,,1352,158,6,-73.0,736.0
1256,1281,,1353,158,6,-76.0,737.0
1257,1282,,1354,159,6,-75.0,739.0
1258,1284,,1355,159,6,-75.0,740.0
1259,1286,,1356,160,6,-74.0,739.0
1260,1285,,1357,160,6,-72.0,738.0
1261,1287,,1358,161,6,-74.0,738.0
1262,1288,,1359,162,6,-76.0,739.0
1263,1289,,1360,162,6,-76.0,739.0
1264,1290,,1361,163,6,-75.0,739.0
1265,1291,,1362,163,6,-74.0,739.0
1266,1292,,1363,164,6,-75.0,740.0
1267,1293,,1364,164,6,-74.0,740.0
1268,1294,,1365,165,6,-74.0,739.0
1269,1295,,1366,165,6,-75.0,740.0
1270,1296,,1367,166,6,-74.0,743.0
1271,1297,,1368,167,6,-74.0,743.0
1272,1299,,1369,167,6,-73.0,742.0
1273,1298,,1370,168,6,-74.0,744.0
1274,1301,,1371,168,6,-75.0,746.0
1275,1300,,1372,169,6,-74.0,745.0
1276,1303,,1373,169,6,-74.0,746.0
1277,1302,,1374,170,6,-75.0,748.0
1278,1304,,1375,170,6,-73.0,749.0
1279,1305,,1376,171,6,-75.0,749.0
1280,1306,,1377,172,6,-76.0,749.0
1281,1308,,1378,172,6,-76.0,751.0
1282,1307,,1379,173,6,-77.0,751.0
1283,1311,,1380,173,6,-74.0,751.0
1284,1309,,1381,174,6,-73.0,751.0
1285,1310,,1382,174,6,-76.0,752.0
1286,1312,,1383,175,6,-73.0,752.0
1287,1313,,1384,176,6,-74.0,753.0
1288,1314,,1385,176,6,-75.0,755.0
1289,1315,,1386,177,6,-74.0,755.0
1290,1316,,1387,177,6,-74.0,755.0
1291,1317,,1388,178,6,-73.0,756.0
1292,1318,,1398,184,7,-66.0,751.0
1293,1319,,1399,184,7,-73.0,770.0
1294,1322,,1400,185,7,-73.0,770.0
1295,1321,,1401,185,7,-73.0,770.0
1296,1320,,1402,186,7,-75.0,771.0
1297,1323,,1403,187,7,-75.0,771.0
1298,1324,,1404,187,7,-75.0,774.0
1299,1325,,1405,188,7,-75.0,775.0
1300,1328,,1406,188,7,-76.0,775.0
1301,1329,,1407,189,7,-74.0,779.0
1302,1327,,1408,190,7,-75.0,779.0
1303,1326,,1409,190,7,-74.0,781.0
1304,1330,,1410,191,7,-72.0,782.0
1305,1331,,1411,191,7,-72.0,782.0
1306,1333,,1412,192,7,-78.0,784.0
1307,1332,,1413,193,7,-72.0,784.0
1308,1336,,1414,193,7,-73.0,785.0
1309,1334,,1415,194,7,-72.0,787.0
1310,1335,,1416,194,7,-72.0,791.0
1311,1337,,1417,195,7,-70.0,791.0
1312,1338,,1418,196,7,-73.0,793.0
1313,1339,,1419,196,7,-73.0,793.0
1314,1340,,1420,197,7,-71.0,793.0
1315,1343,,1421,197,7,-72.0,797.0
1316,1342,,1422,198,7,-72.0,798.0
1317,1341,,1423,199,7,-71.0,800.0
1318,1344,,1424,199,7,-72.0,803.0
1319,1345,,1425,200,7,-72.0,804.0
1320,1346,,1426,200,7,-71.0,803.0
1321,1347,,1427,201,7,-72.0,807.0
1322,1348,,1428,202,7,-72.0,808.0
1323,1349,,1429,202,7,-70.0,810.0
1324,1351,,1430,203,7,-69.0,810.0
1325,1350,,1431,204,7,-69.0,811.0
1326,1352,,1432,204,7,-71.0,813.0
1327,1353,,1433,205,7,-70.0,818.0
1328,1356,,1434,205,7,-70.0,818.0
1329,1355,,1435,206,7,-71.0,823.0
1330,1354,,1436,207,7,-72.0,825.0
1331,1357,,1437,207,7,-71.0,821.0
1332,1358,,1438,208,7,-68.0,823.0
1333,1360,,1439,208,7,-71.0,828.0
1334,1359,,1440,209,7,-70.0,828.0
1335,1361,,1441,210,8,-74.0,828.0
1336,1362,,1442,210,8,-68.0,829.0
1337,1363,,1443,211,8,-69.0,831.0
1338,1364,,1444,212,8,-69.0,833.0
1339,1365,,1445,212,8,-69.0,836.0
1340,1366,,1446,213,8,-70.0,841.0
1341,1367,,1447,214,8,-74.0,841.0
1342,1369,,1448,214,8,-69.0,841.0
1343,1368,,1449,215,8,-71.0,841.0
1344,1370,,1450,215,8,-69.0,842.0
1345,1371,,1451,216,8,-71.0,842.0
1346,1373,,1452,217,8,-74.0,845.0
1347,1372,,1453,217,8,-73.0,850.0
1348,1374,,1454,218,8,-69.0,854.0
1349,1377,,1455,219,8,-70.0,858.0
1350,1376,,1456,219,8,-69.0,859.0
1351,1375,,1457,220,8,-69.0,860.0
1352,1378,,1458,220,8,-69.0,859.0
1353,1379,,1459,221,8,-71.0,861.0
1354,1380,,1460,222,8,-70.0,865.0
1355,1382,,1461,222,8,-69.0,870.0
1356,1381,,1462,223,8,-68.0,871.0
1357,1383,,1463,224,8,-68.0,871.0
1358,1384,,1464,224,8,-71.0,871.0
1359,1385,,1465,225,8,-68.0,870.0
1360,1386,,1466,226,8,-67.0,873.0
1361,1387,,1467,226,8,-69.0,877.0
1362,1388,,1468,227,8,-70.0,879.0
1363,1389,,1469,228,8,-72.0,881.0
1364,1391,,1470,228,8,-70.0,879.0
1365,1392,,1471,229,8,-71.0,880.0
1366,1390,,1472,229,8,-68.0,879.0
1367,1393,,1473,230,8,-67.0,881.0
1368,1394,,1474,231,8,-68.0,889.0
1369,1396,,1475,231,8,-72.0,890.0
1370,1395,,1476,232,8,-69.0,888.0
1371,1397,,1477,233,8,-72.0,888.0
1372,1399,,1478,233,8,-68.0,887.0
1373,1398,,1479,234,8,-66.0,890.0
1374,1400,,1480,235,8,-68.0,893.0
1375,1401,,1481,235,8,-70.0,893.0
1376,1403,,1482,236,8,-68.0,893.0
1377,1402,,1483,237,8,-68.0,892.0
1378,1404,,1484,237,8,-68.0,895.0
1379,1405,,1485,238,8,-71.0,899.0
1380,1406,,1486,239,8,-71.0,901.0
1381,1407,,1487,239,8,-68.0,901.0
1382,1408,,1488,240,9,-69.0,902.0
1383,1410,,1489,240,9,-68.0,903.0
1384,1411,,1490,241,9,-66.0,904.0
1385,1409,,1491,242,9,-69.0,906.0
1386,1412,,1492,242,9,-68.0,910.0
1387,1413,,1493,243,9,-70.0,905.0
1388,1414,,1494,244,9,-70.0,904.0
1389,1416,,1495,244,9,-71.0,903.0
1390,1415,,1496,245,9,-72.0,906.0
1391,1417,,1497,246,9,-68.0,909.0
1392,1418,,1498,246,9,-68.0,907.0
1393,1419,,1499,247,9,-69.0,903.0
1394,1420,,1500,248,9,-70.0,903.0
1395,1421,,1501,248,9,-69.0,903.0
1396,1422,,1502,249,9,-69.0,907.0
1397,1424,,1503,250,9,-70.0,909.0
1398,1423,,1504,250,9,-69.0,910.0
1399,1425,,1505,251,9,-69.0,906.0
1400,1426,,1506,252,9,-71.0,907.0
1401,1427,,1507,252,9,-70.0,907.0
1402,1428,,1508,253,9,-70.0,907.0
1403,1430,,1509,254,9,-70.0,910.0
1404,1431,,1510,254,9,-70.0,908.0
1405,1429,,1511,255,9,-77.0,908.0
1406,1432,,1512,255,9,-78.0,906.0
1407,1433,,1513,256,9,-74.0,907.0
1408,1434,,1514,257,9,-73.0,906.0
1409,1435,,1515,257,9,-76.0,906.0
1410,1436,,1516,258,9,-71.0,909.0
1411,1437,,1517,259,9,-76.0,911.0
1412,1438,,1518,259,9,-78.0,909.0
1413,1440,,1519,260,9,-72.0,906.0
1414,1439,,1520,261,9,-73.0,905.0
1415,1441,,1521,261,9,-71.0,905.0
1416,1442,,1522,262,9,-71.0,905.0
1417,1443,,1523,263,9,-77.0,905.0
1418,1444,,1524,263,9,-76.0,904.0
1419,1445,,1525,264,9,-74.0,902.0
1420,1446,,1526,265,9,-72.0,900.0
1421,1449,,1527,265,9,-71.0,900.0
1422,1450,,1528,266,9,-72.0,898.0
1423,1451,,1529,267,9,-73.0,900.0
1424,1452,,1530,267,9,-71.0,899.0
1425,1447,,1531,268,9,-76.0,900.0
1426,1448,,1532,268,9,-72.0,900.0
1427,1453,,1533,269,9,-72.0,896.0
1428,1454,,1534,270,10,-73.0,898.0
1429,1455,,1535,270,10,-73.0,900.0
1430,1456,,1536,271,10,-71.0,901.0
1431,1458,,1537,272,10,-74.0,900.0
1432,1457,,1538,272,10,-73.0,898.0
1433,1459,,1539,273,10,-74.0,896.0
1434,1460,,1540,274,10,-72.0,896.0
1435,1461,,1541,274,10,-76.0,895.0
1436,1462,,1542,275,10,-73.0,895.0
1437,1464,,1543,276,10,-74.0,896.0
1438,1463,,1544,276,10,-71.0,894.0
1439,1465,,1545,277,10,-73.0,891.0
1440,1467,,1546,277,10,-73.0,889.0
1441,1466,,1547,278,10,-75.0,887.0
1442,1468,,1548,279,10,-76.0,887.0
1443,1469,,1549,279,10,-76.0,887.0
1444,1472,,1550,280,10,-71.0,888.0
1445,1471,,1551,281,10,-71.0,886.0
1446,1470,,1552,281,10,-74.0,886.0
1447,1474,,1553,282,10,-77.0,884.0
1448,1473,,1554,283,10,-70.0,882.0
1449,1477,,1555,283,10,-71.0,883.0
1450,1478,,1556,284,10,-72.0,883.0
1451,1475,,1557,284,10,-70.0,883.0
1452,1476,,1558,285,10,-72.0,880.0
1453,1484,,1559,286,10,-76.0,879.0
1454,1482,,1560,286,10,-76.0,877.0
1455,1485,,1561,287,10,-77.0,877.0
1456,1479,,1562,288,10,-73.0,877.0
1457,1483,,1563,288,10,-75.0,879.0
1458,1481,,1564,289,10,-70.0,877.0
1459,1480,,1565,290,10,-72.0,874.0
1460,1487,,1566,290,10,-76.0,876.0
1461,1486,,1567,291,10,-70.0,872.0
1462,1488,,1568,291,10,-71.0,876.0
1463,1492,,1569,292,10,-70.0,873.0
1464,1491,,1570,293,10,-71.0,873.0
1465,1490,,1571,293,10,-70.0,873.0
1466,1489,,1572,294,10,-81.0,869.0
1467,1493,,1573,295,10,-74.0,872.0
1468,1495,,1574,295,10,-72.0,868.0
1469,1494,,1575,296,10,-73.0,871.0
1470,1496,,1576,296,10,-72.0,869.0
1471,1498,,1577,297,10,-72.0,866.0
1472,1499,,1578,298,10,-74.0,868.0
1473,1500,,1579,298,10,-73.0,862.0
1474,1497,,1580,299,10,-72.0,867.0
1475,1501,,1581,299,10,-72.0,862.0
1476,1503,,1582,300,11,-74.0,862.0
1477,1502,,1583,301,11,-75.0,862.0
1478,1505,,1584,301,11,-77.0,860.0
1479,1506,,1585,302,11,-76.0,864.0
1480,1504,,1586,303,11,-72.0,858.0
1481,1508,,1587,303,11,-73.0,860.0
1482,1507,,1588,304,11,-72.0,858.0
1483,1510,,1589,304,11,-72.0,857.0
1484,1509,,1590,305,11,-76.0,860.0
1485,1512,,1591,306,11,-73.0,852.0
1486,1511,,1592,306,11,-71.0,857.0
1487,1513,,1593,307,11,-72.0,852.0
1488,1514,,1594,307,11,-74.0,855.0
1489,1515,,1595,308,11,-71.0,855.0
1490,1516,,1596,309,11,-74.0,850.0
1491,1517,,1597,309,11,-73.0,855.0
1492,1519,,1598,310,11,-70.0,849.0
1493,1518,,1599,310,11,-72.0,853.0
1494,1520,,1600,311,11,-71.0,850.0
1495,1522,,1601,312,11,-71.0,853.0
1496,1521,,1602,312,11,-77.0,852.0
1497,1523,,1603,313,11,-76.0,847.0
1498,1524,,1604,313,11,-77.0,850.0
1499,1526,,1605,314,11,-73.0,846.0
1500,1525,,1606,315,11,-75.0,850.0
1501,1528,,1607,315,11,-77.0,846.0
1502,1527,,1608,316,11,-72.0,847.0
1503,1529,,1609,316,11,-71.0,847.0
1504,1534,,1613,319,11,-72.0,846.0
1505,1533,,1614,319,11,-73.0,837.0
1506,1536,,1615,320,11,-73.0,842.0
1507,1535,,1616,320,11,-73.0,848.0
1508,1537,,1617,321,11,-72.0,840.0
1509,1540,,1618,322,11,-71.0,845.0
1510,1538,,1619,322,11,-73.0,841.0
1511,1539,,1620,323,11,-70.0,844.0
1512,1541,,1621,323,11,-73.0,842.0
1513,1542,,1622,324,11,-71.0,841.0
1514,1544,,1623,324,11,-71.0,840.0
1515,1543,,1624,325,11,-72.0,837.0
1516,1546,,1625,326,11,-71.0,839.0
1517,1545,,1626,326,11,-71.0,839.0
1518,1547,,1627,327,11,-72.0,838.0
1519,1549,,1628,327,11,-71.0,839.0
1520,1548,,1629,328,11,-74.0,837.0
1521,1551,,1630,328,11,-77.0,838.0
1522,1550,,1631,329,11,-77.0,837.0
1523,1552,,1632,330,12,-72.0,836.0
1524,1554,,1633,330,12,-75.0,834.0
1525,1553,,1634,331,12,-72.0,834.0
1526,1555,,1635,331,12,-73.0,833.0
1527,1556,,1636,332,12,-72.0,834.0
1528,1557,,1637,332,12,-73.0,833.0
1529,1559,,1638,333,12,-73.0,833.0
1530,1558,,1639,334,12,-71.0,832.0
1531,1561,,1640,334,12,-72.0,832.0
1532,1560,,1641,335,12,-72.0,831.0
1533,1564,,1642,335,12,-72.0,829.0
1534,1563,,1643,336,12,-74.0,832.0
1535,1562,,1644,336,12,-74.0,832.0
1536,1567,,1645,337,12,-74.0,832.0
1537,1565,,1646,337,12,-74.0,831.0
1538,1566,,1647,338,12,-73.0,831.0
1539,1568,,1648,339,12,-73.0,830.0
1540,1569,,1649,339,12,-74.0,830.0
1541,1570,,1650,340,12,-75.0,833.0
1542,1571,,1651,340,12,-77.0,833.0
1543,1572,,1652,341,12,-76.0,834.0
1544,1573,,1653,341,12,-75.0,833.0
1545,1575,,1654,342,12,-75.0,829.0
1546,1574,,1655,342,12,-76.0,831.0
1547,1576,,1656,343,12,-75.0,832.0
1548,1578,,1657,343,12,-75.0,836.0
1549,1577,,1658,344,12,-77.0,835.0
1550,1579,,1659,345,12,-77.0,832.0
1551,1581,,1660,345,12,-74.0,832.0
1552,1580,,1661,346,12,-75.0,831.0
1553,1583,,1662,346,12,-75.0,831.0
1554,1584,,1663,347,12,-74.0,832.0
1555,1586,,1664,347,12,-74.0,832.0
1556,1585,,1665,348,12,-76.0,833.0
1557,1582,,1666,348,12,-76.0,834.0
1558,1588,,1667,349,12,-76.0,833.0
1559,1587,,1668,349,12,-77.0,831.0
1560,1589,,1669,350,12,-74.0,833.0
1561,1590,,1670,350,12,-76.0,834.0
1562,1591,,1671,351,12,-76.0,832.0
1563,1592,,1672,351,12,-74.0,833.0
1564,1594,,1673,352,12,-75.0,836.0
1565,1593,,1674,352,12,-75.0,835.0
1566,1595,,1675,353,12,-75.0,835.0
1567,1596,,1676,354,12,-76.0,837.0
1568,1597,,1677,354,12,-74.0,835.0
1569,1598,,1678,355,12,-74.0,836.0
1570,1599,,1679,355,12,-75.0,836.0
1571,1601,,1680,356,12,-74.0,835.0
1572,1602,,1681,356,12,-74.0,837.0
1573,1603,,1682,357,12,-76.0,839.0
1574,1600,,1683,357,12,-75.0,837.0
1575,1604,,1684,358,12,-75.0,837.0
1576,1605,,1685,358,12,-77.0,838.0
1577,1607,,1686,359,12,-75.0,838.0
1578,1608,,1687,359,12,-75.0,838.0
1579,1606,,1688,0,1,-76.0,840.0
1580,1610,,1689,0,1,-75.0,840.0
1581,1609,,1690,1,1,-76.0,840.0
1582,1614,,1692,2,1,-62.0,820.0
1583,1612,,1693,2,1,-76.0,840.0
1584,1613,,1694,3,1,-76.0,840.0
1585,1611,,1695,3,1,-77.0,840.0
1586,1615,,1696,4,1,-75.0,841.0
1587,1616,,1697,4,1,-77.0,841.0
1588,1618,,1698,5,1,-77.0,842.0
1589,1617,,1699,5,1,-76.0,843.0
1590,1619,,1700,6,1,-76.0,842.0
1591,1620,,1701,6,1,-76.0,841.0
1592,1621,,1702,7,1,-75.0,842.0
1593,1622,,1703,7,1,-76.0,843.0
1594,1625,,1704,8,1,-77.0,844.0
1595,1623,,1705,8,1,-76.0,845.0
1596,1624,,1706,9,1,-77.0,845.0
1597,1627,,1707,9,1,-77.0,846.0
1598,1626,,1708,10,1,-76.0,846.0
1599,1628,,1709,10,1,-76.0,847.0
1600,1629,,1710,11,1,-76.0,848.0
1601,1631,,1711,11,1,-75.0,848.0
1602,1630,,1712,12,1,-77.0,849.0
1603,1635,,1713,12,1,-75.0,850.0
1604,1633,,1714,13,1,-77.0,849.0
1605,1634,,1715,13,1,-77.0,851.0
1606,1632,,1716,14,1,-76.0,850.0
1607,1636,,1717,14,1,-76.0,851.0
1608,1637,,1718,15,1,-77.0,852.0
1609,1639,,1719,15,1,-77.0,853.0
1610,1638,,1720,16,1,-76.0,853.0
1611,1641,,1721,16,1,-76.0,852.0
1612,1640,,1722,17,1,-77.0,854.0
1613,1642,,1723,17,1,-76.0,854.0
1614,1643,,1724,18,1,-77.0,856.0
1615,1644,,1725,18,1,-79.0,857.0
1616,1645,,1726,19,1,-76.0,855.0
1617,1647,,1727,19,1,-75.0,855.0
1618,1648,,1728,20,1,-76.0,855.0
1619,1646,,1729,20,1,-76.0,858.0
1620,1650,,1730,21,1,-77.0,858.0
1621,1649,,1731,21,1,-78.0,857.0
1622,1651,,1732,22,1,-78.0,858.0
1623,1652,,1733,22,1,-77.0,859.0
1624,1655,,1734,23,1,-78.0,859.0
1625,1653,,1735,23,1,-78.0,861.0
1626,1654,,1736,23,1,-77.0,860.0
1627,1656,,1737,24,1,-78.0,861.0
1628,1657,,1738,24,1,-78.0,861.0
1629,1658,,1739,25,1,-77.0,861.0
1630,1662,,1740,25,1,-78.0,861.0
1631,1659,,1741,26,1,-78.0,863.0
1632,1661,,1742,26,1,-77.0,865.0
1633,1660,,1743,27,1,-78.0,863.0
1634,1663,,1744,27,1,-78.0,863.0
1635,1664,,1745,28,1,-78.0,865.0
1636,1665,,1746,28,1,-76.0,866.0
1637,1666,,1747,29,1,-79.0,866.0
1638,1668,,1748,29,1,-79.0,867.0
1639,1667,,1749,30,2,-76.0,867.0
1640,1669,,1750,30,2,-77.0,867.0
1641,1670,,1751,31,2,-78.0,867.0
1642,1671,,1752,31,2,-80.0,867.0
1643,1672,,1753,32,2,-76.0,868.0
1644,1673,,1754,32,2,-78.0,870.0
1645,1674,,1755,32,2,-77.0,870.0
1646,1675,,1756,33,2,-78.0,871.0
1647,1676,,1757,33,2,-78.0,871.0
1648,1677,,1758,34,2,-78.0,871.0
1649,1678,,1759,34,2,-77.0,871.0
1650,1679,,1760,35,2,-78.0,872.0
1651,1684,,1761,35,2,-77.0,872.0
1652,1687,,1762,36,2,-77.0,872.0
1653,1680,,1763,36,2,-78.0,873.0
1654,1682,,1764,37,2,-79.0,872.0
1655,1690,,1765,37,2,-77.0,873.0
1656,1688,,1766,38,2,-79.0,873.0
1657,1691,,1767,38,2,-77.0,874.0
1658,1683,,1768,39,2,-78.0,875.0
1659,1689,,1769,39,2,-76.0,875.0
1660,1686,,1770,39,2,-79.0,875.0
1661,1692,,1771,40,2,-79.0,876.0
1662,1681,,1772,40,2,-78.0,876.0
1663,1685,,1773,41,2,-78.0,876.0
1664,1693,,1774,41,2,-79.0,877.0
1665,1694,,1775,42,2,-80.0,877.0
1666,1696,,1776,42,2,-79.0,877.0
1667,1695,,1777,43,2,-79.0,877.0
1668,1697,,1778,43,2,-81.0,877.0
1669,1698,,1779,44,2,-78.0,878.0
1670,1699,,1780,44,2,-77.0,879.0
1671,1700,,1781,45,2,-78.0,879.0
1672,1701,,1782,45,2,-78.0,878.0
1673,1703,,1783,45,2,-79.0,879.0
1674,1702,,1784,46,2,-80.0,883.0
1675,1704,,1785,46,2,-77.0,881.0
1676,1705,,1787,47,2,-79.0,881.0
1677,1706,,1788,48,2,-79.0,881.0
1678,1708,,1789,48,2,-79.0,881.0
1679,1707,,1790,49,2,-81.0,882.0
1680,1709,,1791,49,2,-79.0,882.0
1681,1710,,1792,50,2,-80.0,883.0
1682,1711,,1793,50,2,-80.0,883.0
1683,1712,,1794,50,2,-80.0,883.0
1684,1714,,1795,51,2,-81.0,882.0
1685,1715,,1796,51,2,-80.0,883.0
1686,1713,,1797,52,2,-79.0,884.0
1687,1716,,1798,52,2,-79.0,883.0
1688,1717,,1799,53,2,-78.0,883.0
1689,1718,,1800,53,2,-80.0,883.0
1690,1719,,1801,54,2,-80.0,882.0
1691,1722,,1802,54,2,-79.0,882.0
1692,1723,,1803,55,2,-78.0,882.0
1693,1720,,1804,55,2,-78.0,883.0
1694,1721,,1805,55,2,-78.0,883.0
1695,1724,,1806,56,2,-80.0,884.0
1696,1725,,1807,56,2,-78.0,884.0
1697,1726,,1808,57,2,-79.0,884.0
1698,1728,,1809,57,2,-80.0,884.0
1699,1729,,1810,58,2,-78.0,883.0
1700,1727,,1811,58,2,-79.0,882.0
1701,1730,,1812,59,2,-79.0,882.0
1702,1731,,1813,59,2,-80.0,881.0
1703,1732,,1814,59,2,-80.0,881.0
1704,1733,,1815,60,3,-81.0,881.0
1705,1734,,1816,60,3,-82.0,882.0
1706,1735,,1817,61,3,-80.0,882.0
1707,1736,,1818,61,3,-81.0,881.0
1708,1737,,1819,62,3,-82.0,880.0
1709,1738,,1820,62,3,-79.0,881.0
1710,1740,,1821,63,3,-81.0,882.0
1711,1739,,1822,63,3,-78.0,881.0
1712,1743,,1823,64,3,-80.0,879.0
1713,1742,,1824,64,3,-80.0,879.0
1714,1741,,1825,64,3,-80.0,878.0
1715,1744,,1826,65,3,-80.0,878.0
1716,1745,,1827,65,3,-80.0,879.0
1717,1746,,1828,66,3,-80.0,878.0
1718,1749,,1829,66,3,-78.0,877.0
1719,1748,,1830,67,3,-80.0,877.0
1720,1747,,1831,67,3,-80.0,876.0
1721,1750,,1832,68,3,-84.0,875.0
1722,1751,,1833,68,3,-81.0,875.0
1723,1752,,1834,68,3,-80.0,875.0
1724,1753,,1835,69,3,-80.0,873.0
1725,1755,,1836,69,3,-81.0,873.0
1726,1756,,1837,70,3,-81.0,872.0
1727,1754,,1838,70,3,-79.0,872.0
1728,1757,,1839,71,3,-80.0,872.0
1729,1758,,1840,71,3,-77.0,871.0
1730,1759,,1841,72,3,-77.0,870.0
1731,1761,,1842,72,3,-79.0,869.0
1732,1760,,1843,72,3,-80.0,869.0
1733,1762,,1844,73,3,-81.0,869.0
1734,1763,,1845,73,3,-80.0,868.0
1735,1765,,1846,74,3,-80.0,868.0
1736,1764,,1847,74,3,-80.0,866.0
1737,1766,,1848,75,3,-80.0,865.0
1738,1770,,1849,75,3,-80.0,864.0
1739,1768,,1850,76,3,-80.0,864.0
1740,1767,,1851,76,3,-87.0,864.0
1741,1769,,1852,77,3,-80.0,863.0
1742,1771,,1853,77,3,-80.0,862.0
1743,1772,,1854,77,3,-80.0,861.0
1744,1773,,1855,78,3,-78.0,861.0
1745,1774,,1856,78,3,-80.0,859.0
1746,1776,,1857,79,3,-80.0,858.0
1747,1775,,1858,79,3,-81.0,857.0
1748,1779,,1859,80,3,-79.0,857.0
1749,1778,,1860,80,3,-80.0,857.0
1750,1780,,1861,81,3,-79.0,855.0
1751,1777,,1862,81,3,-81.0,854.0
1752,1781,,1863,81,3,-80.0,853.0
1753,1782,,1864,82,3,-82.0,852.0
1754,1783,,1865,82,3,-80.0,852.0
1755,1785,,1866,83,3,-80.0,850.0
1756,1784,,1867,83,3,-78.0,848.0
1757,1786,,1868,84,3,-80.0,848.0
1758,1787,,1869,84,3,-81.0,846.0
1759,1788,,1870,85,3,-81.0,845.0
1760,1789,,1871,85,3,-80.0,844.0
1761,1791,,1872,86,3,-79.0,843.0
1762,1790,,1873,86,3,-79.0,842.0
1763,1792,,1874,86,3,-80.0,840.0
1764,1793,,1875,87,3,-79.0,839.0
1765,1794,,1876,87,3,-79.0,838.0
1766,1797,,1877,88,3,-79.0,837.0
1767,1795,,1878,88,3,-79.0,835.0
1768,1796,,1879,89,3,-79.0,834.0
1769,1798,,1880,89,3,-79.0,833.0
1770,1803,,1881,90,4,-79.0,832.0
1771,1801,,1882,90,4,-78.0,831.0
1772,1800,,1883,91,4,-78.0,830.0
1773,1799,,1884,91,4,-79.0,829.0
1774,1804,,1885,91,4,-79.0,827.0
1775,1805,,1886,92,4,-79.0,826.0
1776,1802,,1887,92,4,-79.0,824.0
1777,1807,,1888,93,4,-79.0,823.0
1778,1806,,1889,93,4,-80.0,822.0
1779,1808,,1890,94,4,-79.0,821.0
1780,1810,,1891,94,4,-80.0,819.0
1781,1809,,1892,95,4,-81.0,817.0
1782,1812,,1893,95,4,-79.0,816.0
1783,1811,,1894,96,4,-79.0,815.0
1784,1814,,1895,96,4,-78.0,814.0
1785,1813,,1896,96,4,-79.0,812.0
1786,1817,,1897,97,4,-80.0,811.0
1787,1816,,1898,97,4,-81.0,810.0
1788,1815,,1899,98,4,-81.0,808.0
1789,1818,,1900,98,4,-81.0,807.0
1790,1819,,1901,99,4,-81.0,806.0
1791,1820,,1902,99,4,-79.0,804.0
1792,1821,,1903,100,4,-78.0,803.0
1793,1822,,1904,100,4,-79.0,801.0
1794,1823,,1905,101,4,-80.0,800.0
1795,1824,,1906,101,4,-79.0,799.0
1796,1825,,1907,101,4,-79.0,798.0
1797,1826,,1908,102,4,-79.0,796.0
1798,1827,,1909,102,4,-80.0,795.0
1799,1828,,1910,103,4,-80.0,794.0
1800,1833,,1911,103,4,-79.0,792.0
1801,1832,,1912,104,4,-80.0,791.0
1802,1830,,1913,104,4,-79.0,791.0
1803,1834,,1914,105,4,-78.0,790.0
1804,1835,,1915,105,4,-78.0,788.0
1805,1829,,1916,106,4,-79.0,787.0
1806,1831,,1917,106,4,-80.0,786.0
1807,1839,,1918,107,4,-77.0,784.0
1808,1836,,1919,107,4,-77.0,783.0
1809,1837,,1920,108,4,-77.0,782.0
1810,1838,,1921,108,4,-78.0,781.0
1811,1840,,1922,108,4,-79.0,780.0
1812,1842,,1923,109,4,-77.0,778.0
1813,1841,,1924,109,4,-78.0,777.0
1814,1844,,1925,110,4,-79.0,777.0
1815,1843,,1926,110,4,-80.0,775.0
1816,1845,,1927,111,4,-79.0,774.0
1817,1847,,1928,111,4,-78.0,773.0
1818,1846,,1929,112,4,-79.0,771.0
1819,1848,,1930,112,4,-79.0,770.0
1820,1849,,1931,113,4,-79.0,770.0
1821,1850,,1932,113,4,-79.0,768.0
1822,1852,,1933,114,4,-78.0,767.0
1823,1851,,1934,114,4,-79.0,766.0
1824,1853,,1935,115,4,-80.0,765.0
1825,1855,,1936,115,4,-79.0,764.0
1826,1854,,1937,116,4,-80.0,763.0
1827,1859,,1938,116,4,-78.0,762.0
1828,1857,,1939,116,4,-78.0,760.0
1829,1858,,1940,117,4,-77.0,759.0
1830,1856,,1941,117,4,-77.0,758.0
1831,1860,,1942,118,4,-78.0,757.0
1832,1863,,1943,118,4,-78.0,756.0
1833,1861,,1944,119,4,-80.0,755.0
1834,1862,,1945,119,4,-78.0,754.0
1835,1864,,1946,120,5,-79.0,753.0
1836,1865,,1947,120,5,-78.0,751.0
1837,1866,,1948,121,5,-78.0,752.0
1838,1867,,1949,121,5,-78.0,751.0
1839,1868,,1950,122,5,-79.0,750.0
1840,1869,,1951,122,5,-77.0,749.0
1841,1871,,1952,123,5,-80.0,748.0
1842,1870,,1953,123,5,-78.0,747.0
1843,1872,,1954,124,5,-77.0,745.0
1844,1873,,1955,124,5,-77.0,745.0
1845,1879,,1956,125,5,-79.0,744.0
1846,1875,,1957,125,5,-77.0,742.0
1847,1874,,1958,126,5,-77.0,741.0
1848,1878,,1959,126,5,-78.0,740.0
1849,1876,,1960,127,5,-78.0,740.0
1850,1877,,1961,127,5,-77.0,740.0
1851,1880,,1962,128,5,-78.0,738.0
1852,1881,,1963,128,5,-77.0,737.0
1853,1882,,1964,129,5,-76.0,736.0
1854,1883,,1965,129,5,-76.0,735.0
1855,1884,,1966,130,5,-77.0,735.0
1856,1885,,1967,130,5,-76.0,734.0
1857,1886,,1968,131,5,-76.0,732.0
1858,1887,,1969,131,5,-76.0,732.0
1859,1888,,1970,132,5,-77.0,731.0
1860,1890,,1971,132,5,-78.0,731.0
1861,1891,,1972,133,5,-78.0,730.0
1862,1889,,1973,133,5,-78.0,730.0
1863,1892,,1974,134,5,-77.0,729.0
1864,1894,,1975,134,5,-76.0,729.0
1865,1893,,1976,135,5,-77.0,728.0
1866,1895,,1977,135,5,-77.0,727.0
